小型家電,ICレコーダー,電池は外して使用済小型家電回収ボックスへ。ボックスの設置場所はMAPをご覧ください。,あ
燃やさないごみ,アイロン,{},あ
燃やすごみ,アイロン台,金属製の足は外して燃やさないごみへ。長さが60cmを超えるものは大型ごみとなります（処理手数料は、大型ごみ専用電話（047-712-6300）でご確認ください）。,あ
燃やすごみ,アイロンプリント紙,リサイクルに支障があるため、雑がみには出せません。,あ
ビン・カン,空きカン,中を軽くすすいでください。ビンとカンは分けて出してください。,あ
ビン・カン,空きビン,ふたをはずして中を軽くすすいでください。金属製のキャップは燃やさないごみへ。ビンとカンは分けて出してください。,あ
大型ごみ,アコーディオン（楽器）,処理手数料は、大型ごみ専用電話（047-712-6300）でご確認ください。,あ
大型ごみ,アコーディオンカーテン,処理手数料は、大型ごみ専用電話（047-712-6300）でご確認ください。,あ
大型ごみ,アコーディオンドア,処理手数料は、大型ごみ専用電話（047-712-6300）でご確認ください。,あ
燃やすごみ,足ふきマット,40cm四方に切って出してください。,あ
燃やすごみ,圧着はがき（はがして見るはがき）,リサイクルに支障があるため、雑がみには出せません。,あ
燃やすごみ,油（食用）,紙や布に染み込ませるか固めてください。,あ
燃やすごみ,あぶらとり紙,リサイクルに支障があるため、雑がみには出せません。,あ
燃やさないごみ,油（食用）の缶,中身を残さないでください。カンの日には出せません。,あ
燃やさないごみ,油（食用）のビン,中身を残さないでください。ビンの日には出せません。,あ
大型ごみ,雨戸,処理手数料は、大型ごみ専用電話（047-712-6300）でご確認ください。,あ
大型ごみ,網戸,処理手数料は、大型ごみ専用電話（047-712-6300）でご確認ください。,あ
燃やすごみ,アルバム（写真用）,リサイクルに支障があるため、紙類には出せません。,あ
プラスチック製容器包装類,アルミコーティングの袋（プラスチック製）,中身を残さないでください。,あ
燃やさないごみ,アルミはくの鍋,{},あ
燃やさないごみ,アルミホイル,{},あ
大型ごみ,アンテナ    (支柱付き）,処理手数料は、大型ごみ専用電話（047-712-6300）でご確認ください。ＢＳアンテナのみは燃やさないごみへ（大きさにより大型ごみとなる場合があります）。,あ
燃やさないごみ,アンプ (ステレオ用）,大きさにより大型ごみとなります（処理手数料は、大型ごみ専用電話（047-712-6300）でご確認ください）。,あ
市で収集や処理ができないもの,石、砂利,専門業者に相談してください。,い
大型ごみ,衣装ケース,処理手数料は、大型ごみ専用電話（047-712-6300）でご確認ください。,い
大型ごみ,椅子（いす）,処理手数料は、大型ごみ専用電話（047-712-6300）でご確認ください。,い
大型ごみ,板（木製）,処理手数料は、大型ごみ専用電話（047-712-6300）でご確認ください。1.2m×60cm×厚さ1.2cm以下（正方形の場合は1m×1m×厚さ1.2cm以下）の場合は燃やすごみへ。切れれば40ｃｍ四方に切ってください。,い
大型ごみ,板（金属製）,処理手数料は、大型ごみ専用電話（047-712-6300）でご確認ください。1.2m×60cm×厚さ1.2cm以下（正方形の場合は1m×1m×厚さ1.2cm以下）の場合は燃やさないごみへ。,い
大型ごみ,一輪車,処理手数料は、大型ごみ専用電話（047-712-6300）でご確認ください。,い
燃やさないごみ,一斗缶,中身を残さないでください。つぶして燃やさないごみへ。,い
大型ごみ,犬小屋,処理手数料は、大型ごみ専用電話（047-712-6300）でご確認ください。石膏ボードで作られたものは収集、処理できません。,い
小型家電,イヤフォン,使用済小型家電回収ボックスへ。ボックスの設置場所はMAPをご覧ください。,い
在宅医療廃棄物,医療器具（在宅医療廃棄物）、医薬品類,注射器や注射針などの鋭利なものや、感染性の危険が高いと判断される医療材料や使い残して不用となった医薬品類は、提供を受けた医療機関、薬局に返却してください。針のついていないチューブ、点滴バッグ、ガーゼ、薬の容器などは、素材により燃やすごみもしくは燃やさないごみへ。,い
在宅医療廃棄物,注射器、注射針,注射器や注射針などの鋭利なものや、感染性の危険が高いと判断される医療材料や使い残して不用となった医薬品類は、提供を受けた医療機関、薬局に返却してください。針のついていないチューブ、点滴バッグ、ガーゼ、薬の容器などは、素材により燃やすごみもしくは燃やさないごみへ。,い
布類,衣類、衣料品,洗濯してから出してください。汚れたものやしみのあるもの、下着、小物類（手袋、靴下、帽子など）、革製品、たんもの（着物）などは燃やすごみへ。,い
家電リサイクル法,衣類乾燥機,以前購入した販売店または買い替えをする販売店に相談してください。,い
燃やすごみ,印画紙,リサイクルに支障があるため、雑がみには出せません。,い
インクカートリッジ,インクカートリッジ,市役所本庁の回収ボックスもしくは燃やすごみへ。家電量販店、郵便局等で回収している場合もあります。,い
燃やすごみ,インクジェット写真プリント紙,リサイクルに支障があるため、雑がみには出せません。,い
燃やすごみ,インクリボン,{},い
小型家電,ETC車載ユニット,使用済小型家電回収ボックスへ。付属品も入れられます。ボックスの設置場所はMAPをご覧ください。,い
家電リサイクル法,ウインドエアコン,以前購入した販売店または買い替えをする販売店に相談してください。,う
大型ごみ,ウインドファン,処理手数料は、大型ごみ専用電話（047-712-6300）でご確認ください。,う
布類,ウインドブレーカー,洗濯してから出してください。汚れたものやしみのあるものは燃やすごみへ。,う
大型ごみ,植木台,処理手数料は、大型ごみ専用電話（047-712-6300）でご確認ください。,う
燃やさないごみ,植木ばさみ,新聞紙などに包んで危険と表示し、指定袋に入れてください。,う
燃やすごみ,植木鉢（プラスチック製）,大きさにより大型ごみとなります（処理手数料は、大型ごみ専用電話（047-712-6300）でご確認ください）。,う
燃やさないごみ,植木鉢（陶器製）,大きさにより大型ごみとなります（処理手数料は、大型ごみ専用電話（047-712-6300）でご確認ください）。割れたものは新聞紙などに包んで危険と表示し、指定袋に入れてください。,う
燃やすごみ,ウエットティッシュ,リサイクルに支障があるため、雑がみには出せません。,う
大型ごみ,ウォシュレット（温水洗浄便座）,処理手数料は、大型ごみ専用電話（047-712-6300）でご確認ください。機械がついているものは大型ごみで出してください。便座のみの場合はプラスチック製であれば燃やすごみ、陶器製であれば燃やさないごみへ。,う
燃やすごみ,浮き輪,{},う
大型ごみ,臼（うす）,処理手数料は、大型ごみ専用電話（047-712-6300）でご確認ください。,う
大型ごみ,ウッドパネル,処理手数料は、大型ごみ専用電話（047-712-6300）でご確認ください。30cm四方程度で木製であれば、数回に分けて燃やすごみへ。,う
大型ごみ,乳母車,処理手数料は、大型ごみ専用電話（047-712-6300）でご確認ください。Ｂ型で3面折りにできるものは燃やさないごみへ。,う
家電リサイクル法,エアコン（室外機を含む）,以前購入した販売店または買い替えをする販売店に相談してください。,え
大型ごみ,エアホッケー台,処理手数料は、大型ごみ専用電話（047-712-6300）でご確認ください。家庭用に限ります。,え
燃やさないごみ,映写機,{},え
ビン・カン,栄養ドリンクのビン,金属製のキャップは燃やさないごみへ。ビンとカンは分けて出してください。,え
家電リサイクル法,液晶テレビ,以前購入した販売店または買い替えをする販売店に相談してください。,え
プラスチック製容器包装類,液体洗剤の容器（プラスチック製）,{},え
燃やすごみ,枝（木の枝、太さ10cm未満）,長さ50cm以下に切り、直径30cm程度の束で縛り、1回に2、3束ずつ出してください。指定袋に入れる必要はありません。,え
燃やすごみ,MD・MＯ（ケースを含む）ディスク,ケースも燃やすごみへ（プラスチック製容器包装類ではありません）。,え
燃やさないごみ,LDプレイヤー,{},え
大型ごみ,エレクトーン,処理手数料は、大型ごみ専用電話（047-712-6300）でご確認ください。二人で部屋から外へ持ち出せるものに限ります。,え
大型ごみ,縁台,処理手数料は、大型ごみ専用電話（047-712-6300）でご確認ください。,え
燃やさないごみ,延長コード,{},え
燃やさないごみ,ACアダプター,{},え
大型ごみ,AVキャビネット,処理手数料は、大型ごみ専用電話（047-712-6300）でご確認ください。,え
市で収集や処理ができないもの,オイル(自動車用など),ガソリンスタンドに相談してください。,お
燃やさないごみ,オイルの缶,中身を残さないでください。,お
大型ごみ,オイルヒーター,処理手数料は、大型ごみ専用電話（047-712-6300）でご確認ください。,お
雑がみ,お菓子の箱（紙製）,紙袋に入れるか、雑誌の間にはさむか、雑がみだけをひもで十文字に束ねて出してください。,お
ビン・カン,お菓子の箱（缶）,ビンとカンは分けて出してください。,お
プラスチック製容器包装類,お菓子の袋（プラ製）,中身を残さないでください。,お
プラスチック製容器包装類,お菓子の箱の中仕切り（プラスチック製）,{},お
雑がみ,お菓子の箱の中仕切り（紙製）,紙袋に入れるか、雑誌の間にはさむか、雑がみだけでひもで十文字に束ねて出してください。,お
大型ごみ,置物,処理手数料は、大型ごみ専用電話（047-712-6300）でご確認ください。大きさ、重さを確認してください。,お
燃やすごみ,桶（プラスチック製、木製）,入れ口が直径40cm以上のものは大型ごみとなります。,お
燃やさないごみ,桶（金属製）,入れ口が直径40cm以上のものは大型ごみとなります。,お
プラスチック製容器包装類,お米の袋（プラスチック製）,{},お
燃やすごみ,お米の袋（紙製）,{},お
大型ごみ,押入れタンス,処理手数料は、大型ごみ専用電話（047-712-6300）でご確認ください。,お
燃やすごみ,落ち葉（枯れ葉）,一回に3袋までです。指定袋に必ず入れてください。,お
燃やすごみ,おまる,大きさにより大型ごみとなります（処理手数料は、大型ごみ専用電話（047-712-6300）でご確認ください）。,お
燃やすごみ,おもちゃ（プラスチック製、木製）,大きさにより大型ごみとなります（処理手数料は、大型ごみ専用電話（047-712-6300）でご確認ください）。,お
燃やさないごみ,おもちゃ（金属製）,大きさにより大型ごみとなります（処理手数料は、大型ごみ専用電話（047-712-6300）でご確認ください）。,お
大型ごみ,オルガン,処理手数料は、大型ごみ専用電話（047-712-6300）でご確認ください。二人で部屋から外へ持ち出せるものに限ります。,お
市で収集や処理ができないもの,温水器,専門業者に相談してください。,お
オートバイ（原付含む）,オートバイ,廃棄二輪車取扱店、指定引取場所に相談してください。二輪車リサイクルコールセンター（050-3000-0727）,お
布類,オーバー,革製品は燃やすごみへ。,お
大型ごみ,オーブントースター,処理手数料は、大型ごみ専用電話（047-712-6300）でご確認ください。食パン2枚用は燃やさないごみへ。,お
大型ごみ,オーブンレンジ（レンジ）,処理手数料は、大型ごみ専用電話（047-712-6300）でご確認ください。,お
大型ごみ,オ－ル（ボート用）,処理手数料は、大型ごみ専用電話（047-712-6300）でご確認ください。,お
燃やすごみ,貝殻,処理手数料は、大型ごみ専用電話（047-712-6300）でご確認ください。,か
燃やさないごみ,懐中電灯,電池は外して、有害ごみで出してください。,か
燃やさないごみ,使い捨てカイロ,{},か
市で収集や処理ができないもの,カウンター,専門業者に相談してください。,か
燃やさないごみ,鏡（60ｃｍ以下）,新聞紙などに包んで危険と表示し、指定袋に入れてください。,か
大型ごみ,鏡 （60cm超）,処理手数料は、大型ごみ専用電話（047-712-6300）でご確認ください。,か
燃やさないごみ,拡声器,{},か
大型ごみ,家具調こたつ （板付き）,処理手数料は、大型ごみ専用電話（047-712-6300）でご確認ください。,か
燃やすごみ,カゴ（プラスチック製、木製）,大きさにより大型ごみとなります（処理手数料は、大型ごみ専用電話（047-712-6300）でご確認ください）。,か
燃やさないごみ,カゴ（金属製）,大きさにより大型ごみとなります（処理手数料は、大型ごみ専用電話（047-712-6300）でご確認ください）。,か
燃やさないごみ,傘,指定袋に入れてください。入りきらない場合は、指定袋の口をしばれば、はみ出ていてもかまいません。,か
燃やすごみ,傘立て（プラスチック製、木製）,大きさにより大型ごみとなります（処理手数料は、大型ごみ専用電話（047-712-6300）でご確認ください）。,か
燃やさないごみ,傘立て（陶器製、金属製）,大きさ、素材により大型ごみとなります（処理手数料は、大型ごみ専用電話（047-712-6300）でご確認ください）。大理石製は大型ごみとなります。,か
燃やさないごみ,加湿器,大きさにより大型ごみとなります（処理手数料は、大型ごみ専用電話（047-712-6300）でご確認ください）。,か
プラスチック製容器包装類,（菓子箱などの）中仕切り（プラスチック製）,{},か
雑がみ,（菓子箱などの）中仕切り（紙製）,紙袋に入れるか、雑誌の間にはさむか、雑がみだけでひもで十文字に束ねて出してください。,か
燃やさないごみ,カセット式ボンベ,中身を残さないでください。,か
燃やすごみ,カセットテープ（ケースを含む）,ケースも燃やすごみへ（プラスチック製容器包装類ではありません）。,か
燃やさないごみ,カセットデッキ,{},か
雑がみ,カタログ,紙袋に入れるか、雑誌の間にはさむか、雑がみだけでひもで十文字に束ねて出してください。,か
プラスチック製容器包装類,カップめんのつゆの袋（プラスチック製）、包装フィルム,中身を残さないでください。,か
プラスチック製容器包装類,カップめんの容器、ふた（プラスチック製）,{},か
燃やすごみ,カップめんの容器、ふた（紙製、複合素材）,リサイクルに支障があるため、雑がみには出せません。,か
大型ごみ,金網,処理手数料は、大型ごみ専用電話（047-712-6300）でご確認ください。大きさにより燃やさないごみとなります。,か
燃やすごみ,鞄（かばん）,一部金属が付いていても燃やすごみに出せます。,か
燃やさないごみ,花瓶（ガラス製、陶器製）,割れたものは新聞紙などに包んで危険と表示し、指定袋に入れてください。,か
市で収集や処理ができないもの,壁紙（壁材）,専門業者に相談してください。,か
大型ごみ,釜,処理手数料は、大型ごみ専用電話（047-712-6300）でご確認ください。１升未満は燃やさないごみへ。,か
燃やすごみ,紙（カバンやくつなどの詰め物としているもの）,リサイクルに支障があるため、雑がみには出せません。,か
燃やすごみ,紙おむつ,汚物は取り除きトイレに流してください。,か
燃やすごみ,紙くず,リサイクルに支障があるため、雑がみには出せません。,か
燃やすごみ,紙コップ、紙皿,リサイクルに支障があるため、雑がみには出せません。,か
燃やさないごみ,カミソリ,新聞紙などに包んで危険と表示し、指定袋に入れてください。,か
紙類,紙パック,中を軽くすすいで切り開いて束ねてください。,か
燃やすごみ,紙パック（中が銀色アルミのもの）,{},か
雑がみ,紙袋,雑誌の間にはさむか、雑がみだけでひもで十文字に束ねて出してください。ビニールコーティングされたものは燃やすごみへ。取っ手が紙でない場合は取り外してください。,か
燃やさないごみ,甕（かめ）,大きさにより大型ごみとなります（処理手数料は、大型ごみ専用電話（047-712-6300）でご確認ください）。割れたものは新聞紙などに包んで危険と表示し、指定袋に入れてください。,か
燃やさないごみ,カメラ,電池は外してください。デジタルカメラは使用済小型家電回収ボックスへ。,か
燃やすごみ,蚊帳（かや）,大きさにより大型ごみとなります（処理手数料は、大型ごみ専用電話（047-712-6300）でご確認ください）。,か
大型ごみ,カラオケセット（持ち運び可能なもの）,処理手数料は、大型ごみ専用電話（047-712-6300）でご確認ください。,か
プラスチック製容器包装類,からしのチューブ,中身を残さないでください。,か
燃やすごみ,カラーコーン,{},か
大型ごみ,カラーボックス,処理手数料は、大型ごみ専用電話（047-712-6300）でご確認ください。,か
燃やすごみ,枯れ葉（落ち葉）,一回に3袋までです。指定袋に必ず入れてください。,か
雑がみ,カレンダー,紙袋に入れるか、雑誌の間にはさむか、雑がみだけでひもで十文字に束ねて出してください。金属部分は外して燃やさないごみへ。,か
燃やすごみ,革のジャンバー（革ジャン）,布類には出せません。,か
燃やすごみ,革製品,一部金属が付いていても燃やすごみに出せます。,か
ビン・カン,カン（食料・飲料用）,中を軽くすすいでください。ビンとカンは分けて出してください。,か
燃やさないごみ,換気扇,{},か
プラスチック製容器包装類,緩衝材（プラスチック製）,プラマークが付いていなくても、プラスチック製容器包装類に出せます。,か
大型ごみ,乾燥機の台,処理手数料は、大型ごみ専用電話（047-712-6300）でご確認ください。,か
燃やすごみ,乾燥剤,{},か
有害ごみ,乾電池,{},か
燃やすごみ,感熱紙（レシート、ロール式のFAX用紙など）,リサイクルに支障があるため、雑がみには出せません。,か
燃やすごみ,感熱発泡紙（点字用紙）,リサイクルに支障があるため、雑がみには出せません。,か
燃やさないごみ,看板,大きさにより大型ごみとなります（処理手数料は、大型ごみ専用電話（047-712-6300）でご確認ください）。商店など事業系のものは収集できません。,か
大型ごみ,カーキャリア  （スキーキャリア）,処理手数料は、大型ごみ専用電話（047-712-6300）でご確認ください。,か
燃やすごみ,カーテン,40cm四方に切って出してください。,か
大型ごみ,カーテンレール,処理手数料は、大型ごみ専用電話（047-712-6300）でご確認ください。,か
小型家電,カーナビゲーション,使用済小型家電回収ボックスへ。付属品も入れられます。ボックスの設置場所はMAPをご覧ください。,か
大型ごみ,カーペット,処理手数料は、大型ごみ専用電話（047-712-6300）でご確認ください。,か
燃やすごみ,カーボン紙（宅配便の伝票）,リサイクルに支障があるため、雑がみには出せません。,か
大型ごみ,額（木製）,処理手数料は、大型ごみ専用電話（047-712-6300）でご確認ください。1.2m×60cm（正方形の場合は1m×1m）以下は燃やすごみへ。,が
大型ごみ,額（金属製）,処理手数料は、大型ごみ専用電話（047-712-6300）でご確認ください。1.2m×60cm（正方形の場合は1m×1m）以下は燃やさないごみへ。,が
大型ごみ,ガスオーブン,処理手数料は、大型ごみ専用電話（047-712-6300）でご確認ください。,が
大型ごみ,ガスコンロ,処理手数料は、大型ごみ専用電話（047-712-6300）でご確認ください。,が
燃やさないごみ,ガスコンロ（卓上ｶｾｯﾄ式）,ボンベや電池は外してください。,が
大型ごみ,ガステーブル（レンジ）,処理手数料は、大型ごみ専用電話（047-712-6300）でご確認ください。,が
市で収集や処理ができないもの,ガスボンベ（プロパン）,プロパンガス取扱店や千葉県LPガス協会市川支部に相談してください（047-358-2011）。,が
市で収集や処理ができないもの,ガソリン,ガソリンスタンドに相談してください。,が
燃やすごみ,ガムテープ,紙類や雑がみについている場合は、リサイクルに支障があるため外してください。,が
雑がみ,画用紙,紙袋に入れるか、雑誌の間にはさむか、雑がみだけをひもで十文字に束ねて出してください。クレヨンや油性マジックで書かれたものは燃やすごみへ。,が
燃やさないごみ,ガラス,大きさにより大型ごみとなります（40cm四方以上。処理手数料は、大型ごみ専用電話（047-712-6300）でご確認ください）。割れたものは新聞紙などに包んで危険と表示し、指定袋に入れてください。,が
大型ごみ,ガラスケ－ス,処理手数料は、大型ごみ専用電話（047-712-6300）でご確認ください。長辺が1m以下のものは解体すれば燃やさないごみへ。,が
大型ごみ,ガラステーブル,処理手数料は、大型ごみ専用電話（047-712-6300）でご確認ください。,が
大型ごみ,ガラス戸,処理手数料は、大型ごみ専用電話（047-712-6300）でご確認ください。,が
大型ごみ,木（板、角材）,処理手数料は、大型ごみ専用電話（047-712-6300）でご確認ください。1.2m×60cm×厚さ1.2ｃｍ以下（正方形の場合は1m×1m×厚さ1.2cm以下）の場合は燃やすごみへ。切れれば40ｃｍ四方に切ってください。,き
大型ごみ,キッチンストッカー,処理手数料は、大型ごみ専用電話（047-712-6300）でご確認ください。,き
燃やすごみ,キッチンペーパー,リサイクルに支障があるため、雑がみには出せません。,き
大型ごみ,キッチンワゴン,処理手数料は、大型ごみ専用電話（047-712-6300）でご確認ください。,き
大型ごみ,杵（きね）,処理手数料は、大型ごみ専用電話（047-712-6300）でご確認ください。,き
大型ごみ,枝（木の枝、太さ10cm程度）,処理手数料は、大型ごみ専用電話（047-712-6300）でご確認ください。長さ2m×直径30cm程度の束にしてください。,き
燃やすごみ,木の枝（太さ10cm未満）,長さ50cm以下に切り、直径30cm程度の束で縛り、1回に2、3束ずつ出してください。指定袋に入れる必要はありません。,き
大型ごみ,木の枝（太さ10cm程度）,処理手数料は、大型ごみ専用電話（047-712-6300）でご確認ください。長さ2m×直径30cm程度の束にしてください。,き
市で収集や処理ができないもの,木の根っこ、切株,造園業者に相談してください。,き
燃やすごみ,着物,布類には出せません。,き
大型ごみ,脚立,処理手数料は、大型ごみ専用電話（047-712-6300）でご確認ください。,き
プラスチック製容器包装類,キャップ（プラスチック製のふた）,処理手数料は、大型ごみ専用電話（047-712-6300）でご確認ください。,き
燃やさないごみ,キャップ（金属製のふた）,{},き
大型ごみ,キャリーバック,処理手数料は、大型ごみ専用電話（047-712-6300）でご確認ください。,き
大型ごみ,キャンパス（絵画用）,処理手数料は、大型ごみ専用電話（047-712-6300）でご確認ください。1.2m×60cm以下（正方形の場合は1m×1m）は燃やすごみへ。切れれば40cm四方に切ってください。,き
紙類,教科書,ひもで束ねて十文字にしばってください。,き
大型ごみ,鏡台,処理手数料は、大型ごみ専用電話（047-712-6300）でご確認ください。,き
燃やさないごみ,バット（金属製）,{},き
燃やさないごみ,キーボード(パソコン用),パソコン本体は収集できません。,き
大型ごみ,キーボード(楽器),処理手数料は、大型ごみ専用電話（047-712-6300）でご確認ください。,き
大型ごみ,ギター（ケースを含む）,処理手数料は、大型ごみ専用電話（047-712-6300）でご確認ください。,ぎ
紙類,牛乳パック,中を軽くすすいで切り開いて束ねてください。,ぎ
大型ごみ,空気清浄機,処理手数料は、大型ごみ専用電話（047-712-6300）でご確認ください。大きさにより燃やさないごみとなります。,く
燃やさないごみ,釘（くぎ）,新聞紙などに包んで危険と表示し、指定袋に入れてください。,く
燃やすごみ,草,一回に3袋までです。指定袋に必ず入れてください。,く
大型ごみ,草刈り機,処理手数料は、大型ごみ専用電話（047-712-6300）でご確認ください。重さを確認してください。,く
プラスチック製容器包装類,薬の容器包装（プラスチック製）,{},く
プラスチック製容器包装類,果物用ネット,{},く
燃やさないごみ,口紅のケース（金属製）,{},く
燃やすごみ,口紅のケース（プラスチック製）,{},く
燃やすごみ,クッキングシート,リサイクルに支障があるため、雑がみには出せません。,く
燃やすごみ,クッション,座布団以上の大きさは大型ごみとなります。,く
燃やすごみ,靴（くつ）,一部金属が付いていても燃やすごみに出せます。,く
燃やすごみ,靴下,布類には出せません。,く
燃やすごみ,クリーニングの袋,{},く
大型ごみ,車椅子（くるまいす）,処理手数料は、大型ごみ専用電話（047-712-6300）でご確認ください。,く
大型ごみ,車止め,処理手数料は、大型ごみ専用電話（047-712-6300）でご確認ください。,く
大型ごみ,鍬（くわ、農具）,処理手数料は、大型ごみ専用電話（047-712-6300）でご確認ください。,く
大型ごみ,クーラーボックス,処理手数料は、大型ごみ専用電話（047-712-6300）でご確認ください。長辺が60ｃｍ未満のものは燃やすごみへ。,く
燃やすごみ,グローブ（野球用など）,{},ぐ
燃やさないごみ,グローランプ,{},ぐ
有害ごみ,蛍光管、蛍光灯,紙ケース又は新聞紙に包み、透明の袋に入れてください。,け
小型家電,携帯音楽プレーヤー,電池は外して使用済小型家電回収ボックスへ。付属品も入れられます。ボックスの設置場所はMAPをご覧ください。,け
小型家電,デジタルオーディーオプレーヤー,電池は外して使用済小型家電回収ボックスへ。付属品も入れられます。ボックスの設置場所はMAPをご覧ください。,け
小型家電,携帯電話,販売店に返すか使用済小型家電回収ボックスへ。付属品も入れられます。ボックスの設置場所はMAPをご覧ください。,け
小型家電,スマートフォン,販売店に返すか使用済小型家電回収ボックスへ。付属品も入れられます。ボックスの設置場所はMAPをご覧ください。,け
小型家電,PHS,販売店に返すか使用済小型家電回収ボックスへ。付属品も入れられます。ボックスの設置場所はMAPをご覧ください。,け
燃やすごみ,毛糸,{},け
大型ごみ,軽量ブロック,処理手数料は、大型ごみ専用電話（047-712-6300）でご確認ください。重量ブロックは収集、処理できません。,け
燃やすごみ,化粧箱（プラスチック製、木製、布製）,大きさにより大型ごみとなります（処理手数料は、大型ごみ専用電話（047-712-6300）でご確認ください）。,け
燃やさないごみ,化粧箱（金属製）,大きさにより大型ごみとなります（処理手数料は、大型ごみ専用電話（047-712-6300）でご確認ください）。,け
燃やさないごみ,化粧品のビン,中身を残さないでください。ビンの日には出せません。,け
プラスチック製容器包装類,化粧品のボトル（プラスチック製）,中身を残さないでください。,け
プラスチック製容器包装類,ケチャップのチューブ,中身を残さないでください。,け
燃やさないごみ,血圧計（電池式）,電池は外してください。,け
有害ごみ,血圧計（水銀式）,水銀血圧計であることを記載してください。,け
大型ごみ,健康器具,処理手数料は、大型ごみ専用電話（047-712-6300）でご確認ください。ぶら下がり機、足踏み機など。,け
大型ごみ,剣道の防具,処理手数料は、大型ごみ専用電話（047-712-6300）でご確認ください。,け
大型ごみ,下駄箱,処理手数料は、大型ごみ専用電話（047-712-6300）でご確認ください。,げ
燃やすごみ,玄関マット,40cm四方に切って出してください。,げ
オートバイ（原付含む）,原付バイク、原動機付自転車,廃棄二輪車取扱店、指定引取場所に相談してください。二輪車リサイクルコールセンター（050-3000-0727）,げ
小型家電,ゲーム機（本体）,15cm×30cm以上のものは燃やさないごみへ。付属品も入れられます。ボックスの設置場所はMAPをご覧ください。,げ
燃やさないごみ,ゲームのソフト（カセット）,CDの場合はケースも含めて燃やすごみへ（ケースはプラスチック製容器包装類ではありません）。,げ
市で収集や処理ができないもの,耕運機,専門業者に相談してください。,こ
燃やすごみ,氷まくら,{},こ
大型ごみ,こたつ （板付き）,処理手数料は、大型ごみ専用電話（047-712-6300）でご確認ください。,こ
大型ごみ,こたつ敷き,処理手数料は、大型ごみ専用電話（047-712-6300）でご確認ください。40cm四方に切れれば燃やすごみへ。,こ
大型ごみ,こたつの板,処理手数料は、大型ごみ専用電話（047-712-6300）でご確認ください。,こ
燃やさないごみ,コップ（ガラス製・金属製）,{},こ
燃やすごみ,コップ（プラスチック製）,{},こ
大型ごみ,琴,処理手数料は、大型ごみ専用電話（047-712-6300）でご確認ください。大きさにより大型ごみとなります。,こ
ビン・カン,粉ミルクの缶,中を軽くすすいでください。ビンとカンは分けて出してください。,こ
大型ごみ,コピー機,処理手数料は、大型ごみ専用電話（047-712-6300）でご確認ください。事業用は収集、処理できません。,こ
雑がみ,コピー用紙,紙袋に入れるか、雑誌の間にはさむか、雑がみだけをひもで十文字に束ねて出してください。,こ
大型ごみ,米びつ,処理手数料は、大型ごみ専用電話（047-712-6300）でご確認ください。,こ
大型ごみ,小物入れ（40ｃｍ以上）,処理手数料は、大型ごみ専用電話（047-712-6300）でご確認ください。,こ
燃やすごみ,小物入れ（40ｃｍ未満、プラスチック製、木製、布製）,{},こ
燃やさないごみ,小物入れ（40ｃｍ未満、金属製）,{},こ
大型ごみ,コンポスト,処理手数料は、大型ごみ専用電話（047-712-6300）でご確認ください。,こ
燃やさないごみ,コンロ（卓上カセット式）,カセット式ボンベと電池は外してください。,こ
布類,コート（衣類）,洗濯してから出してください。汚れたものやしみのあるものは燃やすごみへ。,こ
燃やさないごみ,コードリール,{},こ
燃やさないごみ,コーヒーメーカー,{},こ
大型ごみ,ござ,処理手数料は、大型ごみ専用電話（047-712-6300）でご確認ください。,ご
大型ごみ,碁盤 （足つき）,処理手数料は、大型ごみ専用電話（047-712-6300）でご確認ください。,ご
大型ごみ,ごみ箱（プラスチック製、木製）,処理手数料は、大型ごみ専用電話（047-712-6300）でご確認ください。大きさにより燃やすごみとなります。,ご
大型ごみ,ごみ箱（金属製）,処理手数料は、大型ごみ専用電話（047-712-6300）でご確認ください。大きさにより燃やさないごみとなります。,ご
燃やすごみ,ゴム手袋,{},ご
大型ごみ,ゴムボート,処理手数料は、大型ごみ専用電話（047-712-6300）でご確認ください。,ご
燃やさないごみ,ゴルフクラブ,一度に14本まで出せます。,ご
大型ごみ,ゴルフネット （パイプ付き）,処理手数料は、大型ごみ専用電話（047-712-6300）でご確認ください。ネットのみの場合は切れれば燃やすごみへ。,ご
大型ごみ,ゴルフバッグ,処理手数料は、大型ごみ専用電話（047-712-6300）でご確認ください。ゴルフクラブ（14本まで）も一緒に出せます。,ご
燃やすごみ,ゴルフボール,{},ご
大型ごみ,サイクリングマシン,処理手数料は、大型ごみ専用電話（047-712-6300）でご確認ください。,さ
大型ごみ,サイドボード,処理手数料は、大型ごみ専用電話（047-712-6300）でご確認ください。,さ
大型ごみ,柵,処理手数料は、大型ごみ専用電話（047-712-6300）でご確認ください。,さ
大型ごみ,酒のケース,処理手数料は、大型ごみ専用電話（047-712-6300）でご確認ください。,さ
ビン・カン,酒のワンカップ,中を軽くすすいでください。ビンとカンは分けて出してください。,さ
大型ごみ,サックス(楽器),処理手数料は、大型ごみ専用電話（047-712-6300）でご確認ください。,さ
大型ごみ,サマーベット（ボンボンベッド）,処理手数料は、大型ごみ専用電話（047-712-6300）でご確認ください。,さ
燃やさないごみ,皿（金属製、陶器製）,割れたものは新聞紙などに包み、危険と表示してから指定袋に入れてください。,さ
プラスチック製容器包装類,サラダ油のボトル,中身を残さないでください。汚れが落ちない場合は燃やすごみへ。,さ
燃やさないごみ,三脚（カメラ用）,{},さ
大型ごみ,サンドバック,処理手数料は、大型ごみ専用電話（047-712-6300）でご確認ください。重さによっては収集できません。,さ
大型ごみ,三面鏡,処理手数料は、大型ごみ専用電話（047-712-6300）でご確認ください。,さ
燃やさないごみ,三輪車,5kgを超えるもの、かじ取り付きのものは大型ごみとなります。,さ
大型ごみ,サーフボード,処理手数料は、大型ごみ専用電話（047-712-6300）でご確認ください。,さ
大型ごみ,座椅子,処理手数料は、大型ごみ専用電話（047-712-6300）でご確認ください。,ざ
大型ごみ,座卓,処理手数料は、大型ごみ専用電話（047-712-6300）でご確認ください。,ざ
紙類,雑誌,ひもで束ねて十文字にしばってください。,ざ
雑がみ,雑がみ,紙袋に入れるか、雑誌の間にはさむか、雑がみだけをひもで十文字に束ねて出してください。,ざ
大型ごみ,座布団,処理手数料は、大型ごみ専用電話（047-712-6300）でご確認ください。1枚でも大型ごみになります。,ざ
燃やすごみ,ザル（プラスチック製、木製）,{},ざ
燃やさないごみ,ザル（金属製）,{},ざ
市で収集や処理ができないもの,システムキッチン,専門業者に相談してください。,し
燃やすごみ,下着,布類には出せません。,し
燃やすごみ,下敷き,{},し
大型ごみ,芝刈り機,処理手数料は、大型ごみ専用電話（047-712-6300）でご確認ください。重さを確認してください。,し
燃やすごみ,写真,雑がみには出せません。,し
プラスチック製容器包装類,シャンプーの容器,中を軽くすすいでください。,し
紙類,週刊誌,ひもで束ねて十文字にしばってください。,し
大型ごみ,収納庫（ベランダ用）,処理手数料は、大型ごみ専用電話（047-712-6300）でご確認ください。,し
大型ごみ,シュレッダー（手動、電動）,処理手数料は、大型ごみ専用電話（047-712-6300）でご確認ください。,し
燃やすごみ,シュレッダーで処理した紙,リサイクルできる紙かの判断が難しいため、雑がみには出せません。,し
消火器,消火器,消火器リサイクル推進センター（03-5829-6773）（ https://www.ferpc.jp ）や購入店に相談してください。,し
大型ごみ,障子,処理手数料は、大型ごみ専用電話（047-712-6300）でご確認ください。,し
燃やすごみ,障子紙,リサイクルに支障があるため、雑がみには出せません。,し
大型ごみ,照明器具,処理手数料は、大型ごみ専用電話（047-712-6300）でご確認ください。カバーだけで40cm未満のものは、プラスチック製であれば燃やすごみ、金属製、ガラス製であれば燃やさないごみへ。,し
燃やすごみ,食用油,紙や布に染み込ませるか固めてください。,し
燃やさないごみ,食用油の缶,中身を残さないでください。,し
燃やさないごみ,食用油のビン,中身を残さないでください。,し
プラスチック製容器包装類,食用油のボトル,中身を残さないでください。汚れが落ちない場合は燃やすごみへ。,し
大型ごみ,書棚,処理手数料は、大型ごみ専用電話（047-712-6300）でご確認ください。,し
燃やさないごみ,食器,割れたものは新聞紙などに包み、危険と表示してから指定袋に入れてください。,し
大型ごみ,食器洗い乾燥機,処理手数料は、大型ごみ専用電話（047-712-6300）でご確認ください。,し
大型ごみ,食器洗い機,処理手数料は、大型ごみ専用電話（047-712-6300）でご確認ください。,し
燃やさないごみ,食器乾燥機,プラスチック部分は外して燃やすごみへ。,し
大型ごみ,食器棚,処理手数料は、大型ごみ専用電話（047-712-6300）でご確認ください。,し
大型ごみ,ショッピングカー,処理手数料は、大型ごみ専用電話（047-712-6300）でご確認ください。,し
燃やすごみ,書類ケース（プラスチック製）,40cm以上は大型ごみとなります。,し
燃やさないごみ,書類ケース（金属製）,40cm以上は大型ごみとなります。,し
大型ごみ,シルバーカー,処理手数料は、大型ごみ専用電話（047-712-6300）でご確認ください。,し
大型ごみ,身長計,処理手数料は、大型ごみ専用電話（047-712-6300）でご確認ください。,し
紙類,新聞紙,ひもで束ねて十文字にしばってください。折り込まれていた広告やちらしも一緒に出せます。,し
布類,シーツ,洗濯してから出してください。汚れたものやしみのあるものは燃やすごみへ。,し
燃やすごみ,CD（ケースを含む）,ケースも燃やすごみで出してください（プラスチック製容器包装類ではありません）。,し
燃やさないごみ,CDデッキ（CDプレイヤー）,15cm×30cm未満のものは使用済小型家電回収ボックスへ。,し
大型ごみ,シーリングライトのカバー,処理手数料は、大型ごみ専用電話（047-712-6300）でご確認ください。40cm未満のものはプラスチック製であれば燃やすごみへ。,し
燃やさないごみ,磁石、マグネット,{},じ
大型ごみ,自転車,処理手数料は、大型ごみ専用電話（047-712-6300）でご確認ください。大人、子供用ともに大型ごみとなります。,じ
燃やさないごみ,自転車の空気入れ,{},じ
燃やすごみ,自転車のタイヤ、チューブ,切れれば30cm程度に切り、金属部分は燃やさないごみへ。,じ
大型ごみ,自転車のホイール,処理手数料は、大型ごみ専用電話（047-712-6300）でご確認ください。直径40cm未満のものは燃やさないごみへ。,じ
市で収集や処理ができないもの,自動車部品（タイヤなど）,カーショップなどに相談してください。,じ
大型ごみ,ジャッキ （車についているもの）,処理手数料は、大型ごみ専用電話（047-712-6300）でご確認ください。手動は大きさにより燃やさないごみとなります。油圧式は15kg未満まで大型ごみとなり、15kｇ以上は収集できません。,じ
市で収集や処理ができないもの,砂利、石,販売店や専門業者に相談してください。,じ
大型ごみ,じゅうたん,処理手数料は、大型ごみ専用電話（047-712-6300）でご確認ください。,じ
充電式電池,充電式電池,電気店などのリサイクルボックスに入れてください。詳細は http://www.jbrc.com をご覧ください。,じ
燃やさないごみ,ジューサー（ミキサー）,{},じ
燃やすごみ,定規,{},じ
燃やさないごみ,浄水機,{},じ
燃やすごみ,浄水器のカートリッジ,{},じ
燃やすごみ,じょうろ（プラスチック製）,{},じ
燃やさないごみ,じょうろ（金属製）,{},じ
大型ごみ,除湿機,処理手数料は、大型ごみ専用電話（047-712-6300）でご確認ください。,じ
燃やすごみ,除湿剤（湿気取り剤）,{},じ
燃やすごみ,除湿剤の容器,{},じ
大型ごみ,人工芝,処理手数料は、大型ごみ専用電話（047-712-6300）でご確認ください。,じ
大型ごみ,水銀灯（庭用）,処理手数料は、大型ごみ専用電話（047-712-6300）でご確認ください。,す
大型ごみ,水槽,処理手数料は、大型ごみ専用電話（047-712-6300）でご確認ください。60cm以下は燃やさないごみへ。,す
燃やさないごみ,水筒（金属製）,{},す
燃やさないごみ,炊飯器(炊飯ジャー),1升炊き以上は大型ごみとなります。,す
大型ごみ,姿見,処理手数料は、大型ごみ専用電話（047-712-6300）でご確認ください。,す
大型ごみ,鋤（すき、農具）,処理手数料は、大型ごみ専用電話（047-712-6300）でご確認ください。,す
燃やさないごみ,スキャナー,{},す
大型ごみ,スキー板 （セット）,処理手数料は、大型ごみ専用電話（047-712-6300）でご確認ください。,す
大型ごみ,スキーキャリア （カーキャリア）,処理手数料は、大型ごみ専用電話（047-712-6300）でご確認ください。,す
燃やさないごみ,スキーのストック,{},す
燃やすごみ,スキーのブーツ,{},す
大型ごみ,スクリーン,処理手数料は、大型ごみ専用電話（047-712-6300）でご確認ください。,す
燃やさないごみ,スケートボード,{},す
燃やさないごみ,スコップ,{},す
大型ごみ,すだれ,処理手数料は、大型ごみ専用電話（047-712-6300）でご確認ください。90ｃｍ以下のものは1枚づつ丸めれば燃やすごみで出せます。,す
大型ごみ,スチ－ルラック,処理手数料は、大型ごみ専用電話（047-712-6300）でご確認ください。,す
大型ごみ,スツール（背もたれのない椅子）,処理手数料は、大型ごみ専用電話（047-712-6300）でご確認ください。,す
大型ごみ,ステレオセット,処理手数料は、大型ごみ専用電話（047-712-6300）でご確認ください。,す
燃やすごみ,ストッキング,{},す
大型ごみ,ストーブ（石油、ガス）,処理手数料は、大型ごみ専用電話（047-712-6300）でご確認ください。,す
燃やさないごみ,ストーブガード,{},す
大型ごみ,すのこ,処理手数料は、大型ごみ専用電話（047-712-6300）でご確認ください。,す
大型ごみ,スノーボード,処理手数料は、大型ごみ専用電話（047-712-6300）でご確認ください。大人用、子ども用ともに大型ごみとなります。,す
燃やすごみ,スノーボードのブーツ,{},す
大型ごみ,スピーカー （2台まで）,処理手数料は、大型ごみ専用電話（047-712-6300）でご確認ください。,す
大型ごみ,スプリングマットレス,処理手数料は、大型ごみ専用電話（047-712-6300）でご確認ください。,す
燃やさないごみ,スプレー缶,使い切って燃やさないごみへ。穴を開ける必要はありません。,す
プラスチック製容器包装類,スプレー缶のふた（プラスチック製）,{},す
燃やすごみ,スプーン（プラスチック製）,{},す
燃やさないごみ,スプーン（金属製）,{},す
大型ごみ,滑り台,処理手数料は、大型ごみ専用電話（047-712-6300）でご確認ください。,す
燃やすごみ,スポンジ,{},す
大型ごみ,スリッパ立て,処理手数料は、大型ごみ専用電話（047-712-6300）でご確認ください。大きさ、素材により燃やすごみ、燃やさないごみとなる場合があります。,す
布類,スーツ,洗濯してから出してください。汚れたものやしみのあるものは燃やすごみへ。,す
大型ごみ,ス－ツケ－ス（トランク）,処理手数料は、大型ごみ専用電話（047-712-6300）でご確認ください。,す
大型ごみ,ズボンプレッサー,処理手数料は、大型ごみ専用電話（047-712-6300）でご確認ください。,ず
大型ごみ,製氷機,処理手数料は、大型ごみ専用電話（047-712-6300）でご確認ください。,せ
布類,制服,洗濯してから出してください。汚れたものやしみのあるものは燃やすごみへ。,せ
大型ごみ,精米機,処理手数料は、大型ごみ専用電話（047-712-6300）でご確認ください。,せ
燃やすごみ,生理用品,{},せ
大型ごみ,石油コンロ,処理手数料は、大型ごみ専用電話（047-712-6300）でご確認ください。,せ
燃やすごみ,石けんの包み紙,リサイクルに支障があるため、雑がみには出せません。,せ
市で収集や処理ができないもの,石膏（せっこう）ボード,専門業者に相談してください。,せ
燃やさないごみ,瀬戸物,割れたものは新聞紙などに包み危険と表示し、指定袋に入れてください。,せ
布類,背広,洗濯してから出してください。汚れたものやしみのあるものは燃やすごみへ。,せ
プラスチック製容器包装類,洗顔料のチューブ,中身を残さないでください。,せ
プラスチック製容器包装類,洗剤の容器（プラスチック製）,中身を残さないでください。,せ
燃やすごみ,洗剤の容器（紙製）,中身を残さないでください。リサイクルに支障があるため、雑がみには出せません。,せ
家電リサイクル法,洗濯機,以前購入した販売店または買い替えをする販売店に相談してください。,せ
燃やすごみ,洗濯ばさみ（プラスチック製）,一部金属が付いていても燃やすごみに出せます。,せ
燃やさないごみ,洗濯ばさみ（金属製）,{},せ
燃やすごみ,洗濯用ハンガー（プラスチック製）,一部金属が付いていても燃やすごみに出せます。,せ
燃やさないごみ,洗濯用ハンガー（金属製）,{},せ
燃やさないごみ,扇風機,高さが70cm以上のものは大型ごみとなります。,せ
燃やすごみ,洗面器（プラスチック製、木製）,{},せ
燃やさないごみ,洗面器（金属製）,{},せ
大型ごみ,洗面化粧台,処理手数料は、大型ごみ専用電話（047-712-6300）でご確認ください。,せ
布類,セーター,洗濯してから出してください。汚れたものやしみのあるものは燃やすごみへ。,せ
プラスチック製容器包装類,ゼリーの容器（プラスチック製）,中を軽くすすいでください。アルミ製のふたは燃やさないごみへ。,ぜ
燃やさないごみ,掃除機,家庭用に限ります。,そ
大型ごみ,ソファー,処理手数料は、大型ごみ専用電話（047-712-6300）でご確認ください。,そ
大型ごみ,ソファ－ベット,処理手数料は、大型ごみ専用電話（047-712-6300）でご確認ください。,そ
燃やすごみ,そり,子ども用の場合です。,そ
プラスチック製容器包装類,ソースの容器（プラスチック製）,中身を残さないでください。,そ
市で収集や処理ができないもの,ソーラーシステム,専門業者に相談してください。,そ
燃やすごみ,ぞうきん,{},ぞ
有害ごみ,体温計（水銀式）,{},た
小型家電,体温計（電子式）,電池は外して使用済小型家電回収ボックスへ。ボックスの設置場所はMAPをご覧ください。,た
市で収集や処理ができないもの,耐火金庫,メーカー、販売店、専門業者に相談してください。,た
燃やさないごみ,体重計,電池は外してください。,た
燃やさないごみ,耐熱ガラスのコップ,{},た
大型ごみ,タイプライター,処理手数料は、大型ごみ専用電話（047-712-6300）でご確認ください。,た
市で収集や処理ができないもの,タイヤ（自動車用）,カーショップなどに相談してください。,た
布類,タオル,洗濯してから出してください。汚れたものやしみのあるものは燃やすごみへ。,た
布類,タオルケット,洗濯してから出してください。汚れたものやしみのあるものは燃やすごみへ。,た
燃やさないごみ,卓上コンロ,カセット式ボンベと電池は外してください。,た
燃やすごみ,竹,長さ50cｍ×直径30ｃｍの束にしてください。,た
大型ごみ,竹馬,処理手数料は、大型ごみ専用電話（047-712-6300）でご確認ください。,た
大型ごみ,畳（たたみ）,処理手数料は、大型ごみ専用電話（047-712-6300）でご確認ください。,た
大型ごみ,卓球台 （家庭用）,処理手数料は、大型ごみ専用電話（047-712-6300）でご確認ください。,た
燃やすごみ,タッパー（保存容器）,プラスチック製容器包装類ではありません。,た
大型ごみ,棚,処理手数料は、大型ごみ専用電話（047-712-6300）でご確認ください。,た
プラスチック製容器包装類,卵のパック（プラスチック製）,{},た
燃やすごみ,卵のパック（紙製）,リサイクルに支障があるため、雑がみには出せません。,た
燃やさないごみ,たらい,大きさにより大型ごみとなります（処理手数料は、大型ごみ専用電話（047-712-6300）でご確認ください）。,た
大型ごみ,樽 ,処理手数料は、大型ごみ専用電話（047-712-6300）でご確認ください。,た
燃やすごみ,たわし,{},た
紙類,単行本,ひもで束ねて十文字にしばってください。,た
大型ごみ,たんす,処理手数料は、大型ごみ専用電話（047-712-6300）でご確認ください。,た
燃やすごみ,反物（たんもの）,布類には出せません。,た
大型ごみ,台,処理手数料は、大型ごみ専用電話（047-712-6300）でご確認ください。重さ、大きさ、使途を確認してください。,だ
大型ごみ,台車,処理手数料は、大型ごみ専用電話（047-712-6300）でご確認ください。重さ、大きさを確認してください。,だ
布類,ダウンジャケット,洗濯してから出してください。汚れたものやしみのあるものは燃やすごみへ。,だ
大型ごみ,ダストボックス （ごみ箱）,処理手数料は、大型ごみ専用電話（047-712-6300）でご確認ください。,だ
燃やすごみ,脱臭剤,{},だ
市で収集や処理ができないもの,断熱材,専門業者に相談してください。,だ
大型ごみ,ダンベル,処理手数料は、大型ごみ専用電話（047-712-6300）でご確認ください。,だ
紙類,ダンボール,ひもで束ねて十文字にしばってください。,だ
大型ごみ,チェスト,処理手数料は、大型ごみ専用電話（047-712-6300）でご確認ください。,ち
大型ごみ,タイヤのチェーン（金属製）,処理手数料は、大型ごみ専用電話（047-712-6300）でご確認ください。ゴムやプラスチックが大部分のものは燃やすごみへ。,ち
大型ごみ,チェーン（タイヤ、金属製）,処理手数料は、大型ごみ専用電話（047-712-6300）でご確認ください。ゴムやプラスチックが大部分のものは燃やすごみへ。,ち
大型ごみ,チェーンソー,処理手数料は、大型ごみ専用電話（047-712-6300）でご確認ください。,ち
大型ごみ,チャイルドシート,処理手数料は、大型ごみ専用電話（047-712-6300）でご確認ください。,ち
大型ごみ,茶だんす,処理手数料は、大型ごみ専用電話（047-712-6300）でご確認ください。,ち
大型ごみ,茶箱,処理手数料は、大型ごみ専用電話（047-712-6300）でご確認ください。,ち
燃やさないごみ,茶碗,割れたものは新聞紙などに包み危険と表示し、指定袋に入れてください。,ち
燃やさないごみ,チューナー,{},ち
プラスチック製容器包装類,チューブ類（マヨネーズ、ケチャップ、歯みがき粉など）,中身を残さないでください。,ち
燃やすごみ,調味料入れ（プラスチック製、木製）,{},ち
燃やさないごみ,調味料入れ（金属製）,{},ち
大型ごみ,調理台,処理手数料は、大型ごみ専用電話（047-712-6300）でご確認ください。1.2m未満のものに限ります。,ち
紙類,広告、ちらし（新聞の折り込みに入っているもの）,新聞紙と一緒にひもで束ねて十文字にしばってください。,ち
紙類,ちらし、広告（新聞の折り込みに入っているもの）,新聞紙と一緒にひもで束ねて十文字にしばってください。,ち
大型ごみ,ついたて（パーテーション）,処理手数料は、大型ごみ専用電話（047-712-6300）でご確認ください。,つ
燃やさないごみ,カイロ（使い捨て）,{},つ
大型ごみ,机,処理手数料は、大型ごみ専用電話（047-712-6300）でご確認ください。,つ
大型ごみ,机の上の棚,処理手数料は、大型ごみ専用電話（047-712-6300）でご確認ください。,つ
大型ごみ,漬物石,処理手数料は、大型ごみ専用電話（047-712-6300）でご確認ください。,つ
市で収集や処理ができないもの,土,販売店や専門業者に相談してください。,つ
燃やさないごみ,壺,大きさにより大型ごみとなります（処理手数料は、大型ごみ専用電話（047-712-6300）でご確認ください）。割れたものは新聞紙などに包んで危険と表示し、指定袋に入れてください。,つ
プラスチック製容器包装類,詰め替えパック（プラスチック製）,中を軽くすすいでください。,つ
燃やさないごみ,釣り竿,{},つ
燃やすごみ,釣り竿のケース,{},つ
雑がみ,ティッシュの空き箱,紙袋に入れるか、雑誌の間にはさむか、雑がみだけでひもで十文字に束ねて出してください。フィルムがある場合は外してください。,て
燃やさないごみ,金庫（手提げ）,耐火金庫はメーカー、販売店、専門業者に相談してください。,て
燃やすごみ,てすと,てすと,て
燃やすごみ,手帳,{},て
大型ごみ,鉄板,処理手数料は、大型ごみ専用電話（047-712-6300）でご確認ください。重さ、厚さを必ず確認してください。,て
大型ごみ,鉄アレイ,処理手数料は、大型ごみ専用電話（047-712-6300）でご確認ください。,て
布類,手ぬぐい,洗濯してから出してください。汚れたものやしみのあるものは燃やすごみへ。,て
燃やすごみ,手袋,布類には出せません。,て
家電リサイクル法,テレビ（ブラウン管式、液晶式、プラズマ式）,以前購入した販売店または買い替えをする販売店に相談してください。,て
大型ごみ,テレビ台（テレビボード）,処理手数料は、大型ごみ専用電話（047-712-6300）でご確認ください。,て
燃やすごみ,転写紙,リサイクルに支障があるため、雑がみには出せません。,て
大型ごみ,テント(キャンプ用）,処理手数料は、大型ごみ専用電話（047-712-6300）でご確認ください。,て
燃やすごみ,てんぷら油,紙や布にしみこませるか固めてください。,て
大型ごみ,テーブル,処理手数料は、大型ごみ専用電話（047-712-6300）でご確認ください。,て
燃やさないごみ,テープデッキ,大きさにより大型ごみとなります（処理手数料は、大型ごみ専用電話（047-712-6300）でご確認ください）。,て
パソコン,ディスプレイ(パソコン用）,メーカーごとのPCリサイクル受付窓口に相談してください。自作パソコンなどは一般社団法人パソコン3R推進協会に相談してください（03-5282-7685）。,で
燃やすごみ,DVD（ケースを含む）,ケースも燃やすごみで出してください（プラスチック製容器包装類ではありません）。,で
燃やさないごみ,DVDプレイヤー,{},で
小型家電,デジタルカメラ,電池は外して使用済小型家電回収ボックスへ。付属品も入れられます。ボックスの設置場所はMAPをご覧ください。,で
小型家電,電気カミソリ,電池は外して使用済小型家電回収ボックスへ。ボックスの設置場所はMAPをご覧ください。,で
大型ごみ,電気カーペット（カバー付）,処理手数料は、大型ごみ専用電話（047-712-6300）でご確認ください。40cm四方に切れればカーペット部分は燃やすごみ、電源部分は燃やさないごみに出せます。,で
燃やさないごみ,電気ケーブル類,{},で
燃やさないごみ,電気コンロ,大きさにより大型ごみとなります（処理手数料は、大型ごみ専用電話（047-712-6300）でご確認ください）。,で
燃やさないごみ,電気コード類,{},で
燃やさないごみ,電気スタンド（卓上用）,{},で
燃やさないごみ,電気ストーブ,大きさにより大型ごみとなります（処理手数料は、大型ごみ専用電話（047-712-6300）でご確認ください）。,で
燃やさないごみ,電気のこぎり（電動のこぎり）,家庭用に限ります。,で
燃やさないごみ,電気ポット,{},で
大型ごみ,電気毛布,処理手数料は、大型ごみ専用電話（047-712-6300）でご確認ください。40cm四方に切れれば毛布部分は燃やすごみ、電源部分は燃やさないごみに出せます。,で
燃やさないごみ,LED電球,{},で
燃やさないごみ,白熱灯,{},で
燃やさないごみ,電球（白熱灯、LED電球）,{},で
大型ごみ,電子オルガン,処理手数料は、大型ごみ専用電話（047-712-6300）でご確認ください。二人で部屋から外へ持ち出せるものに限ります。,で
小型家電,電子書籍端末,電池は外して使用済小型家電回収ボックスへ。付属品も入れられます。ボックスの設置場所はMAPをご覧ください。,で
小型家電,電子辞書,電池は外して使用済小型家電回収ボックスへ。付属品も入れられます。ボックスの設置場所はMAPをご覧ください。,で
大型ごみ,電子ピアノ,処理手数料は、大型ごみ専用電話（047-712-6300）でご確認ください。二人で部屋から外へ持ち出せるものに限ります。,で
大型ごみ,電子レンジ,処理手数料は、大型ごみ専用電話（047-712-6300）でご確認ください。,で
小型家電,電卓,電池は外して使用済小型家電回収ボックスへ。ボックスの設置場所はMAPをご覧ください。,で
有害ごみ,電池（乾電池）,{},で
充電式電池,電池（充電式）,電気店などのリサイクルボックスに入れてください。詳細は http://www.jbrc.com をご覧ください。,で
ボタン電池,電池（ボタン）,電気店などのリサイクルボックスに入れてください。詳細は http://www.botankaishu.jp をご覧ください。,で
ボタン電池,ボタン電池,電気店などのリサイクルボックスに入れてください。詳細は http://www.botankaishu.jp をご覧ください。,で
燃やさないごみ,電動ドリル,家庭用に限ります。,で
燃やさないごみ,電話機（FAX付き含む）,15cm×30cm未満のものは使用済小型家電回収ボックスへ。,で
大型ごみ,電話台,処理手数料は、大型ごみ専用電話（047-712-6300）でご確認ください。,で
大型ごみ,戸,処理手数料は、大型ごみ専用電話（047-712-6300）でご確認ください。,と
雑がみ,トイレットペーパーの芯,紙袋に入れるか、雑誌の間にはさむか、雑がみだけでひもで十文字に束ねて出してください。,と
市で収集や処理ができないもの,灯油,ガソリンスタンドに相談してください。,と
大型ごみ,灯油のポリタンク（18リットル用以上）,処理手数料は、大型ごみ専用電話（047-712-6300）でご確認ください。18リットル用のポリタンクが大型ごみの目安になります。18リットル用のポリタンクは大型ごみです。18リットル未満のものは燃やすごみへ。,と
燃やすごみ,ポリタンク（18リットル用未満）,18リットル用のポリタンクが大型ごみの目安になります。18リットル用のポリタンクは大型ごみです。18リットル用未満のものは燃やすごみへ。,と
燃やすごみ,灯油ポンプ（プラスチック製）,{},と
燃やさないごみ,灯油ポンプ（電動式）,{},と
市で収集や処理ができないもの,灯篭（とうろう）,専門業者に相談してください。,と
燃やすごみ,特殊な紙（特殊加工がされた紙、特殊な素材の紙）,リサイクルに支障があるため、雑がみには出せません。,と
燃やさないごみ,時計（柱時計を除く）,電池は外してください。柱時計は大型ごみとなります。,と
大型ごみ,トタン板,処理手数料は、大型ごみ専用電話（047-712-6300）でご確認ください。,と
大型ごみ,戸棚,処理手数料は、大型ごみ専用電話（047-712-6300）でご確認ください。,と
市で収集や処理ができないもの,トナー,各メーカーにお問い合わせください。,と
大型ごみ,トランク  （スーツケース）,処理手数料は、大型ごみ専用電話（047-712-6300）でご確認ください。,と
燃やさないごみ,鳥かご,{},と
プラスチック製容器包装類,トレイ（生鮮食料品・惣菜）,中を軽くすすいでください。,と
燃やさないごみ,トースター,食パン2枚用を超えるものは大型ごみとなります。,と
大型ごみ,ドア,処理手数料は、大型ごみ専用電話（047-712-6300）でご確認ください。,ど
燃やさないごみ,土鍋,{},ど
燃やさないごみ,ドライヤー,{},ど
大型ごみ,ドラム（楽器）,処理手数料は、大型ごみ専用電話（047-712-6300）でご確認ください。,ど
大型ごみ,ドラム缶,処理手数料は、大型ごみ専用電話（047-712-6300）でご確認ください。中身が空のものに限ります。,ど
ビン・カン,ドリンク剤のビン,中を軽くすすいでください。金属製のキャップは燃やさないごみへ。ビンとカンは分けて出してください。,ど
大型ごみ,ドレッサー,処理手数料は、大型ごみ専用電話（047-712-6300）でご確認ください。,ど
プラスチック製容器包装類,ドレッシングの容器（プラスチック製）,中身を残さないでください。,ど
燃やさないごみ,ドレッシングの容器（ガラス製）,中身を残さないでください。,ど
燃やさないごみ,ナイフ,新聞紙などに包み危険と表示し、指定袋に入れてください。,な
燃やすごみ,長靴,{},な
燃やすごみ,アイロンプリント紙（捺染紙）,リサイクルに支障があるため、雑がみには出せません。,な
燃やすごみ,捺染紙（アイロンプリント紙）,リサイクルに支障があるため、雑がみには出せません。,な
燃やさないごみ,鍋,{},な
燃やすごみ,生ごみ（調理くず、残飯など）,十分に水切りをしてください。,な
大型ごみ,生ごみ処理機,処理手数料は、大型ごみ専用電話（047-712-6300）でご確認ください。重さ、大きさを確認してください。,な
燃やすごみ,臭いのついた紙,リサイクルに支障があるため、雑がみには出せません。,に
プラスチック製容器包装類,乳酸菌飲料の容器（プラスチック製）,中を軽くすすいでください。アルミ製のふたは燃やさないごみへ。,に
ビン・カン,入浴剤のカン,中を軽くすすいでください。ビンとカンは分けて出してください。,に
プラスチック製容器包装類,入浴剤の袋（プラスチック製）,中を軽くすすいでください。,に
大型ごみ,ぬいぐるみ,処理手数料は、大型ごみ専用電話（047-712-6300）でご確認ください。90cm未満のものは燃やすごみへ。,ぬ
燃やすごみ,ネクタイ,{},ね
燃やすごみ,猫砂,{},ね
プラスチック製容器包装類,ネット（果物などを包むもの）,{},ね
燃やすごみ,ネット（台所水切り用）,{},ね
燃やすごみ,寝袋（シュラフ）,{},ね
燃やすごみ,粘土,{},ね
市で収集や処理ができないもの,農薬,メーカー、販売店、専門業者に相談してください。,の
燃やさないごみ,のこぎり,新聞紙などに包み危険と表示し、指定袋に入れてください。,の
ビン・カン,海苔のカン,中を軽くすすいでください。ビンとカンは分けて出してください。,の
燃やすごみ,のれん,{},の
紙類,ノート,ひもで束ねて十文字にしばってください。,の
パソコン,ノートパソコン,メーカーごとのPCリサイクル受付窓口に相談してください。自作パソコンなどは一般社団法人パソコン3R推進協会に相談してください（03-5282-7685）。,の
燃やすごみ,葉（葉っぱ）,一回に3袋までです。指定袋に必ず入れてください。,は
燃やすごみ,廃食油（サラダオイルなど）,紙や布に染み込ませるか固めてください。,は
市で収集や処理ができないもの,廃油（自動車用など）,ガソリンスタンドに相談してください。,は
燃やさないごみ,秤（はかり）,大きさにより大型ごみとなります（処理手数料は、大型ごみ専用電話（047-712-6300）でご確認ください）。,は
燃やすごみ,箱（プラスチック製、木製、布製）,大きさにより大型ごみとなります（処理手数料は、大型ごみ専用電話（047-712-6300）でご確認ください）。,は
燃やさないごみ,箱（金属製）,大きさにより大型ごみとなります（処理手数料は、大型ごみ専用電話（047-712-6300）でご確認ください）。,は
大型ごみ,ハシゴ,処理手数料は、大型ごみ専用電話（047-712-6300）でご確認ください。3m以下のものに限ります。,は
燃やすごみ,鉢（プラスチック製）,大きさにより大型ごみとなります（処理手数料は、大型ごみ専用電話（047-712-6300）でご確認ください）。,は
燃やさないごみ,鉢（陶器製、ガラス製）,大きさにより大型ごみとなります（処理手数料は、大型ごみ専用電話（047-712-6300）でご確認ください）。,は
プラスチック製容器包装類,発泡スチロール,指定袋に入らない場合は小さくして入れてください。,は
市で収集や処理ができないもの,発電機,専門業者に相談してください。,は
燃やすごみ,花火,水に十分ひたしてください。,は
燃やすごみ,歯ブラシ,{},は
小型家電,歯ブラシ（電動式）,電池は外して使用済小型家電回収ボックスへ。付属品も入れられます。ボックスの設置場所はMAPをご覧ください。,は
プラスチック製容器包装類,歯みがき粉のチューブ（プラスチック製）,中身を残さないでください。,は
燃やさないごみ,針（縫い針、釣り針）,新聞紙などに包み危険と表示し、指定袋に入れてください。,は
大型ごみ,ハロゲンヒーター,処理手数料は、大型ごみ専用電話（047-712-6300）でご確認ください。高さ70㎝以下のものは燃やさないごみへ。,は
燃やすごみ,ハンガー（プラスチック製、木製）,{},は
燃やさないごみ,ハンガー（金属製）,{},は
大型ごみ,ハンガーラック,処理手数料は、大型ごみ専用電話（047-712-6300）でご確認ください。,は
燃やすごみ,半紙,リサイクルに支障があるため、雑がみには出せません。,は
オートバイ（原付含む）,バイク（原付を含む）,廃棄二輪車取扱店、指定引取場所に相談してください。二輪車リサイクルコールセンター（050-3000-0727）,ば
市で収集や処理ができないもの,バイクの部品（タイヤ、マフラーなど）,販売店などに相談してください。,ば
燃やすごみ,バケツ（プラスチック製）,大きさにより大型ごみとなります（処理手数料は、大型ごみ専用電話（047-712-6300）でご確認ください）。,ば
燃やさないごみ,バケツ（金属製）,大きさにより大型ごみとなります（処理手数料は、大型ごみ専用電話（047-712-6300）でご確認ください）。,ば
布類,バスタオル,洗濯してから出してください。汚れたものやしみのあるものは燃やすごみへ。,ば
燃やすごみ,バック（かばん）,一部金属が付いていても燃やすごみに出せます。,ば
市で収集や処理ができないもの,バッテリー（自動車用）,ガソリンスタンドに相談してください。,ば
燃やすごみ,バット（プラスチック製、木製）,{},ば
燃やさないごみ,バーナー,家庭用に限ります。,ば
燃やさないごみ,バーベキューコンロ,大きさにより大型ごみとなります（処理手数料は、大型ごみ専用電話（047-712-6300）でご確認ください）。,ば
大型ごみ,バーベル,処理手数料は、大型ごみ専用電話（047-712-6300）でご確認ください。,ば
大型ごみ,バーベル台,処理手数料は、大型ごみ専用電話（047-712-6300）でご確認ください。,ば
燃やさないごみ,パイプ,1.2m以上は大型ごみとなります。塩ビパイプは収集、処理できません。,ぱ
大型ごみ,パイプハンガー（ハンガーラック）,処理手数料は、大型ごみ専用電話（047-712-6300）でご確認ください。,ぱ
大型ごみ,パイプベット,処理手数料は、大型ごみ専用電話（047-712-6300）でご確認ください。,ぱ
大型ごみ,パソコンデスク,処理手数料は、大型ごみ専用電話（047-712-6300）でご確認ください。,ぱ
燃やさないごみ,パソコンの部品（マウス、キーボード、ハードディスクなど）,本体ではなく部品が対象となります。大きさにより大型ごみとなります。,ぱ
パソコン,パソコン（本体）,メーカーごとのPCリサイクル受付窓口に相談してください。自作パソコンなどは一般社団法人パソコン3R推進協会に相談してください（03-5282-7685）。,ぱ
大型ごみ,パソコンラック,処理手数料は、大型ごみ専用電話（047-712-6300）でご確認ください。,ぱ
大型ごみ,パネル,処理手数料は、大型ごみ専用電話（047-712-6300）でご確認ください。1.2m×60cm×厚さ1.2ｃｍ以下（正方形の場合は1m×1m×厚さ1.2cm以下）の場合は燃やすごみへ。切れれば40ｃｍ四方に切ってください。,ぱ
雑がみ,パンフレット,紙袋に入れるか、雑誌の間にはさむか、雑がみだけでひもで十文字に束ねて出してください。,ぱ
燃やさないごみ,パン焼き器,{},ぱ
大型ごみ,パーテーション（ついたて）,処理手数料は、大型ごみ専用電話（047-712-6300）でご確認ください。,ぱ
大型ごみ,引き出し（机、タンスなど）,処理手数料は、大型ごみ専用電話（047-712-6300）でご確認ください。,ひ
大型ごみ,火鉢,処理手数料は、大型ごみ専用電話（047-712-6300）でご確認ください。,ひ
燃やすごみ,百科事典,紙類に出せません（表紙が厚手のもの）。,ひ
大型ごみ,ヒ－タ－,処理手数料は、大型ごみ専用電話（047-712-6300）でご確認ください。,ひ
燃やさないごみ,美顔機,{},び
小型家電,VICSユニット,使用済小型家電回収ボックスへ。付属品も入れられます。ボックスの設置場所はMAPをご覧ください。,び
小型家電,ビデオカメラ,電池は外して使用済小型家電回収ボックスへ。付属品も入れられます。ボックスの設置場所はMAPをご覧ください。,び
燃やすごみ,ビデオテープ（ケースを含む）,ケースも燃やすごみへ（プラスチック製容器包装類ではありません）。,び
燃やさないごみ,ビデオデッキ,{},び
燃やすごみ,ビニールシート,40cm四方に切ってください。,び
燃やすごみ,ビニールのひも,{},び
燃やすごみ,ビニールホース,複数に分けて切ってから出してください。,び
大型ごみ,屏風（びょうぶ）,処理手数料は、大型ごみ専用電話（047-712-6300）でご確認ください。,び
燃やさないごみ,ビン（化粧品）,中身を残さないでください。,び
ビン・カン,ビン（飲料、食品用）,中身を残さないでください。ビンとカンは分けて出してください。,び
プラスチック製容器包装類,ビンのふた（プラスチック製）,{},び
燃やさないごみ,ビンのふた（金属製）,{},び
大型ごみ,ビーチパラソル,処理手数料は、大型ごみ専用電話（047-712-6300）でご確認ください。,び
大型ごみ,ビールケース（酒のケース）,処理手数料は、大型ごみ専用電話（047-712-6300）でご確認ください。,び
市で収集や処理ができないもの,ピアノ,専門業者に相談してください。,ぴ
燃やすごみ,ピンチハンガー（プラスチック製）,一部金属が付いていても燃やすごみに出せます。,ぴ
燃やさないごみ,ピンチハンガー（金属製）,{},ぴ
燃やすごみ,ファイル（プラスチック製）,一部金属が付いていても燃やすごみに出せます。,ふ
雑がみ,ファイル（紙製）,紙袋に入れるか、雑誌の間にはさむか、雑がみだけでひもで十文字に束ねて出してください。紙以外の素材がある場合は外してください。,ふ
燃やさないごみ,ファックス（FAX）,{},ふ
燃やすごみ,FAX用紙（ロール式のもの）,リサイクルに支障があるため、雑がみには出せません。コピー用紙と同じ素材ののものは雑がみで出してください。,ふ
大型ごみ,ファンシーケース,処理手数料は、大型ごみ専用電話（047-712-6300）でご確認ください。,ふ
大型ごみ,ファンヒーター（石油、ガス）,処理手数料は、大型ごみ専用電話（047-712-6300）でご確認ください。,ふ
燃やすごみ,フィルム（写真用）,{},ふ
プラスチック製容器包装類,フィルムのケース（プラスチック製）,{},ふ
雑がみ,封筒,紙袋に入れるか、雑誌の間にはさむか、雑がみだけでひもで十文字に束ねて出してください。窓の素材がフィルムなどの場合は外してください。,ふ
大型ごみ,フェンス,処理手数料は、大型ごみ専用電話（047-712-6300）でご確認ください。,ふ
燃やすごみ,フォーク（プラスチック製）,{},ふ
燃やさないごみ,フォーク（金属製）,{},ふ
燃やすごみ,複合素材の紙（アルミやプラスチックを貼り合わせたもの）,リサイクルに支障があるため、雑がみには出せません。,ふ
大型ごみ,ふすま,処理手数料は、大型ごみ専用電話（047-712-6300）でご確認ください。,ふ
燃やすごみ,ふた（防水加工されたもの）,リサイクルに支障があるため、雑がみには出せません。,ふ
大型ごみ,腹筋台,処理手数料は、大型ごみ専用電話（047-712-6300）でご確認ください。,ふ
大型ごみ,布団（ふとん）,処理手数料は、大型ごみ専用電話（047-712-6300）でご確認ください。ふとんは大型ごみとなります。,ふ
燃やさないごみ,ふとん乾燥機,{},ふ
大型ごみ,布団干し,処理手数料は、大型ごみ専用電話（047-712-6300）でご確認ください。,ふ
大型ごみ,踏み台,処理手数料は、大型ごみ専用電話（047-712-6300）でご確認ください。,ふ
燃やさないごみ,フライパン,{},ふ
布類,フリース（衣類）,洗濯してから出してください。汚れたものやしみのあるものは燃やすごみへ。,ふ
大型ごみ,フロアクッション,処理手数料は、大型ごみ専用電話（047-712-6300）でご確認ください。,ふ
燃やすごみ,フロッピーディスク（ケースを含む）,ケースも燃やすごみで出してください（プラスチック製容器包装類ではありません）。,ふ
燃やすごみ,風呂のいす,{},ふ
大型ごみ,風呂のふた（プラスチック製）,処理手数料は、大型ごみ専用電話（047-712-6300）でご確認ください。複数に切れれば燃やすごみに出せます。,ふ
大型ごみ,風呂のふた（金属製）,処理手数料は、大型ごみ専用電話（047-712-6300）でご確認ください。,ふ
燃やすごみ,風呂の床マット,40ｃｍ四方に切ってください。,ふ
大型ごみ,仏壇,処理手数料は、大型ごみ専用電話（047-712-6300）でご確認ください。,ぶ
大型ごみ,ブラインド,処理手数料は、大型ごみ専用電話（047-712-6300）でご確認ください。,ぶ
大型ごみ,ブランコ,処理手数料は、大型ごみ専用電話（047-712-6300）でご確認ください。,ぶ
燃やすごみ,ブルーシート,40ｃｍ四方に切ってください。,ぶ
大型ごみ,ブロック（軽量のもの）,処理手数料は、大型ごみ専用電話（047-712-6300）でご確認ください。重量ブロックは収集、処理できません。,ぶ
紙類,文庫本,ひもで束ねて十文字にしばってください。,ぶ
プラスチック製容器包装類,油（食用）のボトル(プラスチック製),中身を残さないでください。汚れが落ちない場合は燃やすごみへ。,ぷ
大型ごみ,プランター,処理手数料は、大型ごみ専用電話（047-712-6300）でご確認ください。,ぷ
大型ごみ,プリンター,処理手数料は、大型ごみ専用電話（047-712-6300）でご確認ください。大型ごみとなります。写真専用のものは燃やさないごみへ。,ぷ
プラスチック製容器包装類,プリンの容器（プラスチック製）,中を軽くすすいでください。アルミ製のふたは燃やさないごみへ。,ぷ
市で収集や処理ができないもの,プロパンガスボンベ,プロパンガス取扱店もしくは千葉県ＬＰガス協会市川支部（047-358-2011）に相談してください。,ぷ
燃やさないごみ,ヘアスプレーの缶,使い切って燃やさないごみへ。穴を開ける必要はありません。,へ
プラスチック製容器包装類,ヘアスプレーのキャップ,{},へ
小型家電,ヘッドフォン,使用済小型家電回収ボックスへ。ボックスの設置場所はMAPをご覧ください。,へ
燃やさないごみ,ヘルスメーター（体重計）,電池は外してください。,へ
燃やすごみ,ヘルメット（プラスチック製）,{},へ
燃やさないごみ,ヘルメット（金属製）,{},へ
大型ごみ,ベッド（本体）,処理手数料は、大型ごみ専用電話（047-712-6300）でご確認ください。ベッドマットは別料金になります。,べ
大型ごみ,ベッドマット,処理手数料は、大型ごみ専用電話（047-712-6300）でご確認ください。,べ
大型ごみ,ベビーカー,処理手数料は、大型ごみ専用電話（047-712-6300）でご確認ください。B型は燃やさないごみへ。,べ
大型ごみ,ベビーサークル（おり）,処理手数料は、大型ごみ専用電話（047-712-6300）でご確認ください。,べ
大型ごみ,ベビーバス,処理手数料は、大型ごみ専用電話（047-712-6300）でご確認ください。,べ
大型ごみ,ベビーラック,処理手数料は、大型ごみ専用電話（047-712-6300）でご確認ください。,べ
燃やすごみ,ベルト,一部金属が付いていても燃やすごみに出せます。,べ
燃やすごみ,便座（プラスチック製）,{},べ
燃やさないごみ,便座（陶器製）,{},べ
大型ごみ,便座（温水洗浄便座、厚みのある高齢者用便座）,処理手数料は、大型ごみ専用電話（047-712-6300）でご確認ください。機械がついているものは大型ごみで出してください。,べ
プラスチック製容器包装類,弁当の中仕切り（プラスチック製）,中を軽くすすいでください。,べ
燃やすごみ,ペットのトイレ砂,少量ずつ出してください。,ぺ
ビン・カン,ペットフードの缶,中を軽くすすいでください。ビンとカンは分けて出してください。,ぺ
プラスチック製容器包装類,ペットボトル,中を軽くすすいでください。キャップとラベルは外し、本体は軽くつぶしてください。,ぺ
燃やすごみ,ペンキ,紙や布にしみ込ませてください。,ぺ
燃やさないごみ,ペンキの缶,中身を残さないでください。カンの日には出せません。,ぺ
燃やすごみ,ほうき（木製）,1.2m以上は大型ごみとなります。,ほ
燃やさないごみ,ほうき（金属製）,1.2m以上は大型ごみとなります。,ほ
プラスチック製容器包装類,芳香剤のケース（プラスチック製）,{},ほ
雑がみ,包装紙,紙袋に入れるか、雑誌の間にはさむか、雑がみだけでひもで十文字に束ねて出してください。,ほ
プラスチック製容器包装類,包装フィルム,{},ほ
燃やさないごみ,包丁,新聞紙などに包み危険と表示し、指定袋に入れてください。,ほ
大型ごみ,ホットカーペット,処理手数料は、大型ごみ専用電話（047-712-6300）でご確認ください。40cm四方に切れれば毛布部分は燃やすごみ、電源部分は燃やさないごみ、中のコードは抜き取って燃やさないごみで出せます。,ほ
燃やさないごみ,ホットプレート,大きさにより大型ごみとなります（処理手数料は、大型ごみ専用電話（047-712-6300）でご確認ください）。,ほ
燃やさないごみ,ホッピング,{},ほ
家電リサイクル法,保冷庫（保温庫）,以前購入した販売店または買い替えをする販売店に相談してください。,ほ
燃やすごみ,保冷剤,{},ほ
大型ごみ,本棚,処理手数料は、大型ごみ専用電話（047-712-6300）でご確認ください。,ほ
燃やすごみ,ホース（ビニール製）,複数に分けて切ってから出してください。,ほ
燃やすごみ,ホースリール（プラスチック製）,{},ほ
燃やさないごみ,ホースリール（金属製）,{},ほ
燃やさないごみ,望遠鏡,{},ぼ
燃やすごみ,帽子（ぼうし）,布類には出せません。,ぼ
燃やすごみ,防水加工された紙,リサイクルに支障があるため、雑がみには出せません。,ぼ
プラスチック製容器包装類,防虫剤のケース（プラスチック製）,{},ぼ
大型ごみ,ボウリングの玉,処理手数料は、大型ごみ専用電話（047-712-6300）でご確認ください。,ぼ
大型ごみ,ボディボード,処理手数料は、大型ごみ専用電話（047-712-6300）でご確認ください。,ぼ
大型ごみ,ボンボンベッド（サマーベッド）,処理手数料は、大型ごみ専用電話（047-712-6300）でご確認ください。,ぼ
燃やすごみ,ボール,{},ぼ
燃やすごみ,ボールペン,{},ぼ
燃やさないごみ,ポット,{},ぽ
大型ごみ,ポリバケツ,処理手数料は、大型ごみ専用電話（047-712-6300）でご確認ください。,ぽ
大型ごみ,ポンプ,処理手数料は、大型ごみ専用電話（047-712-6300）でご確認ください。15kg以上は収集できませんので専門業者に相談してください。,ぽ
大型ごみ,ポータブルトイレ（大人用）,処理手数料は、大型ごみ専用電話（047-712-6300）でご確認ください。,ぽ
燃やさないごみ,マウス（パソコン用）,パソコン本体は収集できません。,ま
燃やすごみ,マガジンラック（木製）,大きさにより大型ごみとなります（処理手数料は、大型ごみ専用電話（047-712-6300）でご確認ください）。,ま
燃やさないごみ,マガジンラック（金属製）,大きさにより大型ごみとなります（処理手数料は、大型ごみ専用電話（047-712-6300）でご確認ください）。,ま
燃やすごみ,枕（まくら）,{},ま
市で収集や処理ができないもの,枕木（ガーデニング用など）,専門業者に相談してください。,ま
大型ごみ,マッサージチェア,処理手数料は、大型ごみ専用電話（047-712-6300）でご確認ください。,ま
大型ごみ,マットレス,処理手数料は、大型ごみ専用電話（047-712-6300）でご確認ください。,ま
大型ごみ,松葉杖,処理手数料は、大型ごみ専用電話（047-712-6300）でご確認ください。,ま
燃やすごみ,まな板,{},ま
大型ごみ,マネキン  (裁縫用）,処理手数料は、大型ごみ専用電話（047-712-6300）でご確認ください。,ま
燃やすごみ,マフラー（衣類）,{},ま
プラスチック製容器包装類,マヨネーズのチューブ,中身を残さないでください。,ま
紙類,マンガ本（コミック）,ひもで束ねて十文字にしばってください。,ま
燃やすごみ,マーカーペン,{},ま
大型ごみ,麻雀台,処理手数料は、大型ごみ専用電話（047-712-6300）でご確認ください。,ま
燃やさないごみ,ミキサー  (ジューサー）,{},み
大型ごみ,ミシン,処理手数料は、大型ごみ専用電話（047-712-6300）でご確認ください。大きさに関係なく大型ごみです。,み
燃やすごみ,水まくら,{},み
大型ごみ,ミニコンポ,処理手数料は、大型ごみ専用電話（047-712-6300）でご確認ください。,み
燃やさないごみ,蒸し器,{},む
燃やさないごみ,無線機,{},む
燃やすごみ,眼鏡（めがね、プラスチック製）,{},め
燃やさないごみ,眼鏡（めがね、金属製、ガラス製）,{},め
プラスチック製容器包装類,目薬の容器,中身を残さないでください。,め
大型ごみ,毛布,処理手数料は、大型ごみ専用電話（047-712-6300）でご確認ください。40cm四方に切れれば、複数回に分けて燃やすごみに出せます。,も
燃やさないごみ,餅つき機,1升づき以上は大型ごみとなります。,も
燃やすごみ,木琴（もっきん）,大きさにより大型ごみとなります（処理手数料は、大型ごみ専用電話（047-712-6300）でご確認ください）。,も
燃やすごみ,モップ（木製）,1.2ｍ以上は大型ごみとなります。,も
燃やさないごみ,モップ（金属製）,1.2ｍ以上は大型ごみとなります。,も
大型ごみ,物置,処理手数料は、大型ごみ専用電話（047-712-6300）でご確認ください。0.5坪を超えるもの、解体できないものは収集できませんので、専門業者に相談してください。,も
大型ごみ,物干し（室内用）,処理手数料は、大型ごみ専用電話（047-712-6300）でご確認ください。長さが1.2m以内のものは燃やさないごみ。,も
大型ごみ,物干し竿,処理手数料は、大型ごみ専用電話（047-712-6300）でご確認ください。長さが1.2m以内のものは燃やさないごみ。,も
大型ごみ,物干し台,処理手数料は、大型ごみ専用電話（047-712-6300）でご確認ください。,も
大型ごみ,門扉,処理手数料は、大型ごみ専用電話（047-712-6300）でご確認ください。,も
大型ごみ,モーター（100V）,処理手数料は、大型ごみ専用電話（047-712-6300）でご確認ください。,も
大型ごみ,モ－タ－（浄化槽）15kg未満,処理手数料は、大型ごみ専用電話（047-712-6300）でご確認ください。15kg以上は収集できませんので専門業者に相談してください。,も
大型ごみ,介護用ベッド（モーター付）,処理手数料は、大型ごみ専用電話（047-712-6300）でご確認ください。個人の所有物に限ります。ベッドマットと別々になる場合、ベットマットは別料金となります。,も
燃やさないごみ,やかん,{},や
プラスチック製容器包装類,野菜の外装フィルム,{},や
燃やさないごみ,湯飲み茶碗,割れたものは新聞紙などに包み危険と表示し、指定袋に入れてください。,ゆ
大型ごみ,ゆりかご,処理手数料は、大型ごみ専用電話（047-712-6300）でご確認ください。,ゆ
大型ごみ,湯沸かし器（室内用）,処理手数料は、大型ごみ専用電話（047-712-6300）でご確認ください。電池は外してください。,ゆ
燃やすごみ,汚れた紙（ピザやケーキの箱）,リサイクルに支障があるため、雑がみには出せません。,よ
大型ごみ,よしず,処理手数料は、大型ごみ専用電話（047-712-6300）でご確認ください。,よ
プラスチック製容器包装類,ヨーグルトの容器　（プラスチック製）,中を軽くすすいでください。アルミ製のふたは燃やさないごみへ。,よ
燃やすごみ,ライター（使い捨て）,使い切ってから水につけてください。オイル式のものは燃やさないごみへ。,ら
燃やすごみ,ラケット（木製）,{},ら
燃やさないごみ,ラケット（アルミ製）,{},ら
燃やさないごみ,ラジオ,{},ら
燃やさないごみ,ラジカセ,90cm以上は大型ごみとなります。電池は外してください。,ら
大型ごみ,ラブチェア,処理手数料は、大型ごみ専用電話（047-712-6300）でご確認ください。,ら
燃やすごみ,ランドセル,一部金属が付いていても燃やすごみに出せます。,ら
大型ごみ,ランドリーボックス,処理手数料は、大型ごみ専用電話（047-712-6300）でご確認ください。,ら
市で収集や処理ができないもの,リヤカー,専門業者に相談してください。,り
大型ごみ,ルームランナー,処理手数料は、大型ごみ専用電話（047-712-6300）でご確認ください。,る
家電リサイクル法,冷蔵庫,以前購入した販売店または買い替えをする販売店に相談してください。,れ
家電リサイクル法,冷凍庫,以前購入した販売店または買い替えをする販売店に相談してください。,れ
大型ごみ,冷風機、冷風扇,処理手数料は、大型ごみ専用電話（047-712-6300）でご確認ください。,れ
燃やすごみ,レインコート,{},れ
燃やすごみ,レコード盤,{},れ
燃やすごみ,レシート,リサイクルに支障があるため、雑がみには出せません。,れ
プラスチック製容器包装類,レジ袋,{},れ
燃やすごみ,レジャーシート,40cm四方に切ってください。,れ
燃やすごみ,レターケース（プラスチック製）,大きさにより大型ごみとなります（処理手数料は、大型ごみ専用電話（047-712-6300）でご確認ください）。,れ
燃やさないごみ,レターケース（金属製）,大きさにより大型ごみとなります（処理手数料は、大型ごみ専用電話（047-712-6300）でご確認ください）。,れ
プラスチック製容器包装類,レトルトパック,{},れ
大型ごみ,レンガ,処理手数料は、大型ごみ専用電話（047-712-6300）でご確認ください。,れ
大型ごみ,レンジ台（米びつ付も可）,処理手数料は、大型ごみ専用電話（047-712-6300）でご確認ください。,れ
燃やすごみ,練炭,{},れ
燃やすごみ,ろうそく,{},ろ
大型ごみ,ロッカー,処理手数料は、大型ごみ専用電話（047-712-6300）でご確認ください。,ろ
大型ごみ,ロッキングチェア,処理手数料は、大型ごみ専用電話（047-712-6300）でご確認ください。,ろ
大型ごみ,ローボード（テレビボードを含む）,処理手数料は、大型ごみ専用電話（047-712-6300）でご確認ください。,ろ
大型ごみ,ロールカーテン,処理手数料は、大型ごみ専用電話（047-712-6300）でご確認ください。,ろ
家電リサイクル法,ワインセラー,以前購入した販売店または買い替えをする販売店に相談してください。,わ
燃やすごみ,輪ゴム,{},わ
プラスチック製容器包装類,わさびのチューブ,中身を残さないでください。,わ
燃やすごみ,和紙,リサイクルに支障があるため、雑がみには出せません。,わ
大型ごみ,ワークステーション,処理手数料は、大型ごみ専用電話（047-712-6300）でご確認ください。,わ
燃やさないごみ,ワープロ,{},わ
